Date,Year,Month,Month Name,Quarter,Day,Day of Week,Week of Year,Is Weekend
2011-01-01,2011,1,January,Q1,1,Saturday,52,Yes
2011-01-02,2011,1,January,Q1,2,Sunday,52,Yes
2011-01-03,2011,1,January,Q1,3,Monday,1,No
2011-01-04,2011,1,January,Q1,4,Tuesday,1,No
2011-01-05,2011,1,January,Q1,5,Wednesday,1,No
2011-01-06,2011,1,January,Q1,6,Thursday,1,No
2011-01-07,2011,1,January,Q1,7,Friday,1,No
2011-01-08,2011,1,January,Q1,8,Saturday,1,Yes
2011-01-09,2011,1,January,Q1,9,Sunday,1,Yes
2011-01-10,2011,1,January,Q1,10,Monday,2,No
2011-01-11,2011,1,January,Q1,11,Tuesday,2,No
2011-01-12,2011,1,January,Q1,12,Wednesday,2,No
2011-01-13,2011,1,January,Q1,13,Thursday,2,No
2011-01-14,2011,1,January,Q1,14,Friday,2,No
2011-01-15,2011,1,January,Q1,15,Saturday,2,Yes
2011-01-16,2011,1,January,Q1,16,Sunday,2,Yes
2011-01-17,2011,1,January,Q1,17,Monday,3,No
2011-01-18,2011,1,January,Q1,18,Tuesday,3,No
2011-01-19,2011,1,January,Q1,19,Wednesday,3,No
2011-01-20,2011,1,January,Q1,20,Thursday,3,No
2011-01-21,2011,1,January,Q1,21,Friday,3,No
2011-01-22,2011,1,January,Q1,22,Saturday,3,Yes
2011-01-23,2011,1,January,Q1,23,Sunday,3,Yes
2011-01-24,2011,1,January,Q1,24,Monday,4,No
2011-01-25,2011,1,January,Q1,25,Tuesday,4,No
2011-01-26,2011,1,January,Q1,26,Wednesday,4,No
2011-01-27,2011,1,January,Q1,27,Thursday,4,No
2011-01-28,2011,1,January,Q1,28,Friday,4,No
2011-01-29,2011,1,January,Q1,29,Saturday,4,Yes
2011-01-30,2011,1,January,Q1,30,Sunday,4,Yes
2011-01-31,2011,1,January,Q1,31,Monday,5,No
2011-02-01,2011,2,February,Q1,1,Tuesday,5,No
2011-02-02,2011,2,February,Q1,2,Wednesday,5,No
2011-02-03,2011,2,February,Q1,3,Thursday,5,No
2011-02-04,2011,2,February,Q1,4,Friday,5,No
2011-02-05,2011,2,February,Q1,5,Saturday,5,Yes
2011-02-06,2011,2,February,Q1,6,Sunday,5,Yes
2011-02-07,2011,2,February,Q1,7,Monday,6,No
2011-02-08,2011,2,February,Q1,8,Tuesday,6,No
2011-02-09,2011,2,February,Q1,9,Wednesday,6,No
2011-02-10,2011,2,February,Q1,10,Thursday,6,No
2011-02-11,2011,2,February,Q1,11,Friday,6,No
2011-02-12,2011,2,February,Q1,12,Saturday,6,Yes
2011-02-13,2011,2,February,Q1,13,Sunday,6,Yes
2011-02-14,2011,2,February,Q1,14,Monday,7,No
2011-02-15,2011,2,February,Q1,15,Tuesday,7,No
2011-02-16,2011,2,February,Q1,16,Wednesday,7,No
2011-02-17,2011,2,February,Q1,17,Thursday,7,No
2011-02-18,2011,2,February,Q1,18,Friday,7,No
2011-02-19,2011,2,February,Q1,19,Saturday,7,Yes
2011-02-20,2011,2,February,Q1,20,Sunday,7,Yes
2011-02-21,2011,2,February,Q1,21,Monday,8,No
2011-02-22,2011,2,February,Q1,22,Tuesday,8,No
2011-02-23,2011,2,February,Q1,23,Wednesday,8,No
2011-02-24,2011,2,February,Q1,24,Thursday,8,No
2011-02-25,2011,2,February,Q1,25,Friday,8,No
2011-02-26,2011,2,February,Q1,26,Saturday,8,Yes
2011-02-27,2011,2,February,Q1,27,Sunday,8,Yes
2011-02-28,2011,2,February,Q1,28,Monday,9,No
2011-03-01,2011,3,March,Q1,1,Tuesday,9,No
2011-03-02,2011,3,March,Q1,2,Wednesday,9,No
2011-03-03,2011,3,March,Q1,3,Thursday,9,No
2011-03-04,2011,3,March,Q1,4,Friday,9,No
2011-03-05,2011,3,March,Q1,5,Saturday,9,Yes
2011-03-06,2011,3,March,Q1,6,Sunday,9,Yes
2011-03-07,2011,3,March,Q1,7,Monday,10,No
2011-03-08,2011,3,March,Q1,8,Tuesday,10,No
2011-03-09,2011,3,March,Q1,9,Wednesday,10,No
2011-03-10,2011,3,March,Q1,10,Thursday,10,No
2011-03-11,2011,3,March,Q1,11,Friday,10,No
2011-03-12,2011,3,March,Q1,12,Saturday,10,Yes
2011-03-13,2011,3,March,Q1,13,Sunday,10,Yes
2011-03-14,2011,3,March,Q1,14,Monday,11,No
2011-03-15,2011,3,March,Q1,15,Tuesday,11,No
2011-03-16,2011,3,March,Q1,16,Wednesday,11,No
2011-03-17,2011,3,March,Q1,17,Thursday,11,No
2011-03-18,2011,3,March,Q1,18,Friday,11,No
2011-03-19,2011,3,March,Q1,19,Saturday,11,Yes
2011-03-20,2011,3,March,Q1,20,Sunday,11,Yes
2011-03-21,2011,3,March,Q1,21,Monday,12,No
2011-03-22,2011,3,March,Q1,22,Tuesday,12,No
2011-03-23,2011,3,March,Q1,23,Wednesday,12,No
2011-03-24,2011,3,March,Q1,24,Thursday,12,No
2011-03-25,2011,3,March,Q1,25,Friday,12,No
2011-03-26,2011,3,March,Q1,26,Saturday,12,Yes
2011-03-27,2011,3,March,Q1,27,Sunday,12,Yes
2011-03-28,2011,3,March,Q1,28,Monday,13,No
2011-03-29,2011,3,March,Q1,29,Tuesday,13,No
2011-03-30,2011,3,March,Q1,30,Wednesday,13,No
2011-03-31,2011,3,March,Q1,31,Thursday,13,No
2011-04-01,2011,4,April,Q2,1,Friday,13,No
2011-04-02,2011,4,April,Q2,2,Saturday,13,Yes
2011-04-03,2011,4,April,Q2,3,Sunday,13,Yes
2011-04-04,2011,4,April,Q2,4,Monday,14,No
2011-04-05,2011,4,April,Q2,5,Tuesday,14,No
2011-04-06,2011,4,April,Q2,6,Wednesday,14,No
2011-04-07,2011,4,April,Q2,7,Thursday,14,No
2011-04-08,2011,4,April,Q2,8,Friday,14,No
2011-04-09,2011,4,April,Q2,9,Saturday,14,Yes
2011-04-10,2011,4,April,Q2,10,Sunday,14,Yes
2011-04-11,2011,4,April,Q2,11,Monday,15,No
2011-04-12,2011,4,April,Q2,12,Tuesday,15,No
2011-04-13,2011,4,April,Q2,13,Wednesday,15,No
2011-04-14,2011,4,April,Q2,14,Thursday,15,No
2011-04-15,2011,4,April,Q2,15,Friday,15,No
2011-04-16,2011,4,April,Q2,16,Saturday,15,Yes
2011-04-17,2011,4,April,Q2,17,Sunday,15,Yes
2011-04-18,2011,4,April,Q2,18,Monday,16,No
2011-04-19,2011,4,April,Q2,19,Tuesday,16,No
2011-04-20,2011,4,April,Q2,20,Wednesday,16,No
2011-04-21,2011,4,April,Q2,21,Thursday,16,No
2011-04-22,2011,4,April,Q2,22,Friday,16,No
2011-04-23,2011,4,April,Q2,23,Saturday,16,Yes
2011-04-24,2011,4,April,Q2,24,Sunday,16,Yes
2011-04-25,2011,4,April,Q2,25,Monday,17,No
2011-04-26,2011,4,April,Q2,26,Tuesday,17,No
2011-04-27,2011,4,April,Q2,27,Wednesday,17,No
2011-04-28,2011,4,April,Q2,28,Thursday,17,No
2011-04-29,2011,4,April,Q2,29,Friday,17,No
2011-04-30,2011,4,April,Q2,30,Saturday,17,Yes
2011-05-01,2011,5,May,Q2,1,Sunday,17,Yes
2011-05-02,2011,5,May,Q2,2,Monday,18,No
2011-05-03,2011,5,May,Q2,3,Tuesday,18,No
2011-05-04,2011,5,May,Q2,4,Wednesday,18,No
2011-05-05,2011,5,May,Q2,5,Thursday,18,No
2011-05-06,2011,5,May,Q2,6,Friday,18,No
2011-05-07,2011,5,May,Q2,7,Saturday,18,Yes
2011-05-08,2011,5,May,Q2,8,Sunday,18,Yes
2011-05-09,2011,5,May,Q2,9,Monday,19,No
2011-05-10,2011,5,May,Q2,10,Tuesday,19,No
2011-05-11,2011,5,May,Q2,11,Wednesday,19,No
2011-05-12,2011,5,May,Q2,12,Thursday,19,No
2011-05-13,2011,5,May,Q2,13,Friday,19,No
2011-05-14,2011,5,May,Q2,14,Saturday,19,Yes
2011-05-15,2011,5,May,Q2,15,Sunday,19,Yes
2011-05-16,2011,5,May,Q2,16,Monday,20,No
2011-05-17,2011,5,May,Q2,17,Tuesday,20,No
2011-05-18,2011,5,May,Q2,18,Wednesday,20,No
2011-05-19,2011,5,May,Q2,19,Thursday,20,No
2011-05-20,2011,5,May,Q2,20,Friday,20,No
2011-05-21,2011,5,May,Q2,21,Saturday,20,Yes
2011-05-22,2011,5,May,Q2,22,Sunday,20,Yes
2011-05-23,2011,5,May,Q2,23,Monday,21,No
2011-05-24,2011,5,May,Q2,24,Tuesday,21,No
2011-05-25,2011,5,May,Q2,25,Wednesday,21,No
2011-05-26,2011,5,May,Q2,26,Thursday,21,No
2011-05-27,2011,5,May,Q2,27,Friday,21,No
2011-05-28,2011,5,May,Q2,28,Saturday,21,Yes
2011-05-29,2011,5,May,Q2,29,Sunday,21,Yes
2011-05-30,2011,5,May,Q2,30,Monday,22,No
2011-05-31,2011,5,May,Q2,31,Tuesday,22,No
2011-06-01,2011,6,June,Q2,1,Wednesday,22,No
2011-06-02,2011,6,June,Q2,2,Thursday,22,No
2011-06-03,2011,6,June,Q2,3,Friday,22,No
2011-06-04,2011,6,June,Q2,4,Saturday,22,Yes
2011-06-05,2011,6,June,Q2,5,Sunday,22,Yes
2011-06-06,2011,6,June,Q2,6,Monday,23,No
2011-06-07,2011,6,June,Q2,7,Tuesday,23,No
2011-06-08,2011,6,June,Q2,8,Wednesday,23,No
2011-06-09,2011,6,June,Q2,9,Thursday,23,No
2011-06-10,2011,6,June,Q2,10,Friday,23,No
2011-06-11,2011,6,June,Q2,11,Saturday,23,Yes
2011-06-12,2011,6,June,Q2,12,Sunday,23,Yes
2011-06-13,2011,6,June,Q2,13,Monday,24,No
2011-06-14,2011,6,June,Q2,14,Tuesday,24,No
2011-06-15,2011,6,June,Q2,15,Wednesday,24,No
2011-06-16,2011,6,June,Q2,16,Thursday,24,No
2011-06-17,2011,6,June,Q2,17,Friday,24,No
2011-06-18,2011,6,June,Q2,18,Saturday,24,Yes
2011-06-19,2011,6,June,Q2,19,Sunday,24,Yes
2011-06-20,2011,6,June,Q2,20,Monday,25,No
2011-06-21,2011,6,June,Q2,21,Tuesday,25,No
2011-06-22,2011,6,June,Q2,22,Wednesday,25,No
2011-06-23,2011,6,June,Q2,23,Thursday,25,No
2011-06-24,2011,6,June,Q2,24,Friday,25,No
2011-06-25,2011,6,June,Q2,25,Saturday,25,Yes
2011-06-26,2011,6,June,Q2,26,Sunday,25,Yes
2011-06-27,2011,6,June,Q2,27,Monday,26,No
2011-06-28,2011,6,June,Q2,28,Tuesday,26,No
2011-06-29,2011,6,June,Q2,29,Wednesday,26,No
2011-06-30,2011,6,June,Q2,30,Thursday,26,No
2011-07-01,2011,7,July,Q3,1,Friday,26,No
2011-07-02,2011,7,July,Q3,2,Saturday,26,Yes
2011-07-03,2011,7,July,Q3,3,Sunday,26,Yes
2011-07-04,2011,7,July,Q3,4,Monday,27,No
2011-07-05,2011,7,July,Q3,5,Tuesday,27,No
2011-07-06,2011,7,July,Q3,6,Wednesday,27,No
2011-07-07,2011,7,July,Q3,7,Thursday,27,No
2011-07-08,2011,7,July,Q3,8,Friday,27,No
2011-07-09,2011,7,July,Q3,9,Saturday,27,Yes
2011-07-10,2011,7,July,Q3,10,Sunday,27,Yes
2011-07-11,2011,7,July,Q3,11,Monday,28,No
2011-07-12,2011,7,July,Q3,12,Tuesday,28,No
2011-07-13,2011,7,July,Q3,13,Wednesday,28,No
2011-07-14,2011,7,July,Q3,14,Thursday,28,No
2011-07-15,2011,7,July,Q3,15,Friday,28,No
2011-07-16,2011,7,July,Q3,16,Saturday,28,Yes
2011-07-17,2011,7,July,Q3,17,Sunday,28,Yes
2011-07-18,2011,7,July,Q3,18,Monday,29,No
2011-07-19,2011,7,July,Q3,19,Tuesday,29,No
2011-07-20,2011,7,July,Q3,20,Wednesday,29,No
2011-07-21,2011,7,July,Q3,21,Thursday,29,No
2011-07-22,2011,7,July,Q3,22,Friday,29,No
2011-07-23,2011,7,July,Q3,23,Saturday,29,Yes
2011-07-24,2011,7,July,Q3,24,Sunday,29,Yes
2011-07-25,2011,7,July,Q3,25,Monday,30,No
2011-07-26,2011,7,July,Q3,26,Tuesday,30,No
2011-07-27,2011,7,July,Q3,27,Wednesday,30,No
2011-07-28,2011,7,July,Q3,28,Thursday,30,No
2011-07-29,2011,7,July,Q3,29,Friday,30,No
2011-07-30,2011,7,July,Q3,30,Saturday,30,Yes
2011-07-31,2011,7,July,Q3,31,Sunday,30,Yes
2011-08-01,2011,8,August,Q3,1,Monday,31,No
2011-08-02,2011,8,August,Q3,2,Tuesday,31,No
2011-08-03,2011,8,August,Q3,3,Wednesday,31,No
2011-08-04,2011,8,August,Q3,4,Thursday,31,No
2011-08-05,2011,8,August,Q3,5,Friday,31,No
2011-08-06,2011,8,August,Q3,6,Saturday,31,Yes
2011-08-07,2011,8,August,Q3,7,Sunday,31,Yes
2011-08-08,2011,8,August,Q3,8,Monday,32,No
2011-08-09,2011,8,August,Q3,9,Tuesday,32,No
2011-08-10,2011,8,August,Q3,10,Wednesday,32,No
2011-08-11,2011,8,August,Q3,11,Thursday,32,No
2011-08-12,2011,8,August,Q3,12,Friday,32,No
2011-08-13,2011,8,August,Q3,13,Saturday,32,Yes
2011-08-14,2011,8,August,Q3,14,Sunday,32,Yes
2011-08-15,2011,8,August,Q3,15,Monday,33,No
2011-08-16,2011,8,August,Q3,16,Tuesday,33,No
2011-08-17,2011,8,August,Q3,17,Wednesday,33,No
2011-08-18,2011,8,August,Q3,18,Thursday,33,No
2011-08-19,2011,8,August,Q3,19,Friday,33,No
2011-08-20,2011,8,August,Q3,20,Saturday,33,Yes
2011-08-21,2011,8,August,Q3,21,Sunday,33,Yes
2011-08-22,2011,8,August,Q3,22,Monday,34,No
2011-08-23,2011,8,August,Q3,23,Tuesday,34,No
2011-08-24,2011,8,August,Q3,24,Wednesday,34,No
2011-08-25,2011,8,August,Q3,25,Thursday,34,No
2011-08-26,2011,8,August,Q3,26,Friday,34,No
2011-08-27,2011,8,August,Q3,27,Saturday,34,Yes
2011-08-28,2011,8,August,Q3,28,Sunday,34,Yes
2011-08-29,2011,8,August,Q3,29,Monday,35,No
2011-08-30,2011,8,August,Q3,30,Tuesday,35,No
2011-08-31,2011,8,August,Q3,31,Wednesday,35,No
2011-09-01,2011,9,September,Q3,1,Thursday,35,No
2011-09-02,2011,9,September,Q3,2,Friday,35,No
2011-09-03,2011,9,September,Q3,3,Saturday,35,Yes
2011-09-04,2011,9,September,Q3,4,Sunday,35,Yes
2011-09-05,2011,9,September,Q3,5,Monday,36,No
2011-09-06,2011,9,September,Q3,6,Tuesday,36,No
2011-09-07,2011,9,September,Q3,7,Wednesday,36,No
2011-09-08,2011,9,September,Q3,8,Thursday,36,No
2011-09-09,2011,9,September,Q3,9,Friday,36,No
2011-09-10,2011,9,September,Q3,10,Saturday,36,Yes
2011-09-11,2011,9,September,Q3,11,Sunday,36,Yes
2011-09-12,2011,9,September,Q3,12,Monday,37,No
2011-09-13,2011,9,September,Q3,13,Tuesday,37,No
2011-09-14,2011,9,September,Q3,14,Wednesday,37,No
2011-09-15,2011,9,September,Q3,15,Thursday,37,No
2011-09-16,2011,9,September,Q3,16,Friday,37,No
2011-09-17,2011,9,September,Q3,17,Saturday,37,Yes
2011-09-18,2011,9,September,Q3,18,Sunday,37,Yes
2011-09-19,2011,9,September,Q3,19,Monday,38,No
2011-09-20,2011,9,September,Q3,20,Tuesday,38,No
2011-09-21,2011,9,September,Q3,21,Wednesday,38,No
2011-09-22,2011,9,September,Q3,22,Thursday,38,No
2011-09-23,2011,9,September,Q3,23,Friday,38,No
2011-09-24,2011,9,September,Q3,24,Saturday,38,Yes
2011-09-25,2011,9,September,Q3,25,Sunday,38,Yes
2011-09-26,2011,9,September,Q3,26,Monday,39,No
2011-09-27,2011,9,September,Q3,27,Tuesday,39,No
2011-09-28,2011,9,September,Q3,28,Wednesday,39,No
2011-09-29,2011,9,September,Q3,29,Thursday,39,No
2011-09-30,2011,9,September,Q3,30,Friday,39,No
2011-10-01,2011,10,October,Q4,1,Saturday,39,Yes
2011-10-02,2011,10,October,Q4,2,Sunday,39,Yes
2011-10-03,2011,10,October,Q4,3,Monday,40,No
2011-10-04,2011,10,October,Q4,4,Tuesday,40,No
2011-10-05,2011,10,October,Q4,5,Wednesday,40,No
2011-10-06,2011,10,October,Q4,6,Thursday,40,No
2011-10-07,2011,10,October,Q4,7,Friday,40,No
2011-10-08,2011,10,October,Q4,8,Saturday,40,Yes
2011-10-09,2011,10,October,Q4,9,Sunday,40,Yes
2011-10-10,2011,10,October,Q4,10,Monday,41,No
2011-10-11,2011,10,October,Q4,11,Tuesday,41,No
2011-10-12,2011,10,October,Q4,12,Wednesday,41,No
2011-10-13,2011,10,October,Q4,13,Thursday,41,No
2011-10-14,2011,10,October,Q4,14,Friday,41,No
2011-10-15,2011,10,October,Q4,15,Saturday,41,Yes
2011-10-16,2011,10,October,Q4,16,Sunday,41,Yes
2011-10-17,2011,10,October,Q4,17,Monday,42,No
2011-10-18,2011,10,October,Q4,18,Tuesday,42,No
2011-10-19,2011,10,October,Q4,19,Wednesday,42,No
2011-10-20,2011,10,October,Q4,20,Thursday,42,No
2011-10-21,2011,10,October,Q4,21,Friday,42,No
2011-10-22,2011,10,October,Q4,22,Saturday,42,Yes
2011-10-23,2011,10,October,Q4,23,Sunday,42,Yes
2011-10-24,2011,10,October,Q4,24,Monday,43,No
2011-10-25,2011,10,October,Q4,25,Tuesday,43,No
2011-10-26,2011,10,October,Q4,26,Wednesday,43,No
2011-10-27,2011,10,October,Q4,27,Thursday,43,No
2011-10-28,2011,10,October,Q4,28,Friday,43,No
2011-10-29,2011,10,October,Q4,29,Saturday,43,Yes
2011-10-30,2011,10,October,Q4,30,Sunday,43,Yes
2011-10-31,2011,10,October,Q4,31,Monday,44,No
2011-11-01,2011,11,November,Q4,1,Tuesday,44,No
2011-11-02,2011,11,November,Q4,2,Wednesday,44,No
2011-11-03,2011,11,November,Q4,3,Thursday,44,No
2011-11-04,2011,11,November,Q4,4,Friday,44,No
2011-11-05,2011,11,November,Q4,5,Saturday,44,Yes
2011-11-06,2011,11,November,Q4,6,Sunday,44,Yes
2011-11-07,2011,11,November,Q4,7,Monday,45,No
2011-11-08,2011,11,November,Q4,8,Tuesday,45,No
2011-11-09,2011,11,November,Q4,9,Wednesday,45,No
2011-11-10,2011,11,November,Q4,10,Thursday,45,No
2011-11-11,2011,11,November,Q4,11,Friday,45,No
2011-11-12,2011,11,November,Q4,12,Saturday,45,Yes
2011-11-13,2011,11,November,Q4,13,Sunday,45,Yes
2011-11-14,2011,11,November,Q4,14,Monday,46,No
2011-11-15,2011,11,November,Q4,15,Tuesday,46,No
2011-11-16,2011,11,November,Q4,16,Wednesday,46,No
2011-11-17,2011,11,November,Q4,17,Thursday,46,No
2011-11-18,2011,11,November,Q4,18,Friday,46,No
2011-11-19,2011,11,November,Q4,19,Saturday,46,Yes
2011-11-20,2011,11,November,Q4,20,Sunday,46,Yes
2011-11-21,2011,11,November,Q4,21,Monday,47,No
2011-11-22,2011,11,November,Q4,22,Tuesday,47,No
2011-11-23,2011,11,November,Q4,23,Wednesday,47,No
2011-11-24,2011,11,November,Q4,24,Thursday,47,No
2011-11-25,2011,11,November,Q4,25,Friday,47,No
2011-11-26,2011,11,November,Q4,26,Saturday,47,Yes
2011-11-27,2011,11,November,Q4,27,Sunday,47,Yes
2011-11-28,2011,11,November,Q4,28,Monday,48,No
2011-11-29,2011,11,November,Q4,29,Tuesday,48,No
2011-11-30,2011,11,November,Q4,30,Wednesday,48,No
2011-12-01,2011,12,December,Q4,1,Thursday,48,No
2011-12-02,2011,12,December,Q4,2,Friday,48,No
2011-12-03,2011,12,December,Q4,3,Saturday,48,Yes
2011-12-04,2011,12,December,Q4,4,Sunday,48,Yes
2011-12-05,2011,12,December,Q4,5,Monday,49,No
2011-12-06,2011,12,December,Q4,6,Tuesday,49,No
2011-12-07,2011,12,December,Q4,7,Wednesday,49,No
2011-12-08,2011,12,December,Q4,8,Thursday,49,No
2011-12-09,2011,12,December,Q4,9,Friday,49,No
2011-12-10,2011,12,December,Q4,10,Saturday,49,Yes
2011-12-11,2011,12,December,Q4,11,Sunday,49,Yes
2011-12-12,2011,12,December,Q4,12,Monday,50,No
2011-12-13,2011,12,December,Q4,13,Tuesday,50,No
2011-12-14,2011,12,December,Q4,14,Wednesday,50,No
2011-12-15,2011,12,December,Q4,15,Thursday,50,No
2011-12-16,2011,12,December,Q4,16,Friday,50,No
2011-12-17,2011,12,December,Q4,17,Saturday,50,Yes
2011-12-18,2011,12,December,Q4,18,Sunday,50,Yes
2011-12-19,2011,12,December,Q4,19,Monday,51,No
2011-12-20,2011,12,December,Q4,20,Tuesday,51,No
2011-12-21,2011,12,December,Q4,21,Wednesday,51,No
2011-12-22,2011,12,December,Q4,22,Thursday,51,No
2011-12-23,2011,12,December,Q4,23,Friday,51,No
2011-12-24,2011,12,December,Q4,24,Saturday,51,Yes
2011-12-25,2011,12,December,Q4,25,Sunday,51,Yes
2011-12-26,2011,12,December,Q4,26,Monday,52,No
2011-12-27,2011,12,December,Q4,27,Tuesday,52,No
2011-12-28,2011,12,December,Q4,28,Wednesday,52,No
2011-12-29,2011,12,December,Q4,29,Thursday,52,No
2011-12-30,2011,12,December,Q4,30,Friday,52,No
2011-12-31,2011,12,December,Q4,31,Saturday,52,Yes
